"field"	"classification"	"in_current_output"
"accession"	"1 direkt aus NCBI"	"ja"
"accession_version"	"1 direkt aus NCBI"	"ja"
"virus_name"	"2 aus NCBI-Record extrahierbar"	"ja (als organism)"
"species"	"5 projektspezifisch (ICTV-Harmonisierung, spaetere Projektstufe)"	"nein (bewusst ausgelassen)"
"genus"	"1 direkt aus NCBI"	"ja"
"baculovirus_group"	"4 zusaetzliche biologische Analyse noetig"	"nein"
"family"	"1 direkt aus NCBI"	"ja"
"full_taxonomy"	"1 direkt aus NCBI"	"ja"
"ncbi_taxid"	"1 direkt aus NCBI"	"ja"
"publication_date"	"4 nicht reproduzierbar aus NCBI"	"nein (siehe public_release_date = NA)"
"ncbi_create_date"	"1 direkt aus NCBI"	"ja"
"ncbi_update_date"	"1 direkt aus NCBI"	"ja"
"sequence_status"	"1 direkt aus NCBI"	"ja"
"topology"	"1 direkt aus NCBI"	"ja"
"genome_length_bp"	"3 aus NCBI-Sequenz berechenbar"	"ja"
"gc_content_pct"	"3 aus NCBI-Sequenz berechenbar"	"ja"
"n_ambiguous_bases"	"3 aus NCBI-Sequenz berechenbar"	"ja"
"host"	"2 aus NCBI-Record extrahierbar"	"ja"
"strain"	"2 aus NCBI-Record extrahierbar"	"ja"
"isolate"	"2 aus NCBI-Record extrahierbar"	"ja"
"country"	"2 aus NCBI-Record extrahierbar"	"ja (als geo_loc_name)"
"collection_date"	"2 aus NCBI-Record extrahierbar"	"ja"
"definition"	"2 aus NCBI-Record extrahierbar"	"ja"
"n_core_genes_found"	"4 zusaetzliche bioinformatische Analyse noetig"	"nein"
"core60_complete"	"4 zusaetzliche bioinformatische Analyse noetig"	"nein"
"genus_project_header"	"5 projektspezifisch"	"nein"
"genus_source"	"5 projektspezifisch (Herkunftsdokumentation)"	"nein (siehe refseq_relation_source)"
"genus_corrected_vs_project"	"5 projektspezifisch"	"nein"
"length_matches_ncbi"	"3 Berechnung plus Vergleich mit NCBI"	"ja"
"refseq_mirror_of"	"1 direkt aus NCBI (ELink nuccore_nuccore_gbrs)"	"ja (als refseq_relation)"
